order_id,trade_date,symbol,region,sector,side,urgency,strategy,venue,hedge_basket,arrival_mid,avg_fill_price,benchmark_mid_5m,benchmark_mid_30m,order_qty,filled_qty,completion_rate_pct,participation_rate_pct,fill_minutes,vol_1m_pct,spread_bps,slippage_bps,shortfall_bps,implementation_shortfall_usd,pre_beta_usd,post_beta_usd,hedge_notional_usd,beta_reduction_pct,time_to_flat_min,fill_quality_score
EXE0001,2026-01-05,USE001,US,Semis,BUY,Patient,TWAP,XNAS,HXUS,110.21,110.27,110.17,110.31,7214,6621,91.77,11.37,37.46,0.56,3.0,5.46,5.46,398.42,-941259.49,-331715.0,706081.29,64.76,43.3,74.63
EXE0002,2026-01-06,EHE002,Europe,Healthcare,SELL,Normal,Manual Hedge,XAMS,HXEU_GROWTH,66.62,66.5,66.49,66.84,20736,20706,99.85,14.62,19.19,1.63,9.36,17.74,17.74,2447.13,-150862.22,-6034.49,119654.58,96.0,10.13,51.37
EXE0003,2026-01-07,ACO003,Asia,Consumer,BUY,Urgent,Liquidity Seeking,XTKS,HXAS,51.5,51.59,51.29,51.7,17484,16834,96.28,24.92,13.62,1.12,7.67,16.78,16.78,1454.83,183822.38,55132.07,140373.39,70.01,12.81,52.39
EXE0004,2026-01-08,USE004,US,Semis,SELL,Patient,VWAP,XNAS,HXUS_TECH,59.67,59.63,59.49,59.71,5328,5150,96.66,8.99,38.1,1.55,6.1,7.61,7.61,233.86,32834.83,8180.45,26335.91,75.09,26.16,73.94
EXE0005,2026-01-09,EHE005,Europe,Healthcare,BUY,Normal,TWAP,XPAR,HXEU,95.2,95.33,94.89,95.97,3069,2963,96.56,11.67,20.0,1.42,9.79,13.36,13.36,376.85,-169747.65,-57435.01,158472.98,66.16,35.52,54.4
EXE0006,2026-01-12,ACO006,Asia,Consumer,SELL,Urgent,Manual Hedge,XHKG,HXAS_HIGHBETA,129.46,129.17,129.86,130.17,3113,3033,97.44,13.83,4.0,1.21,6.78,22.06,22.06,866.19,-240446.94,-68237.39,211058.29,71.62,16.1,41.42
EXE0007,2026-01-13,USE007,US,Semis,BUY,Patient,Liquidity Seeking,XNAS,HXUS,77.27,77.34,78.01,77.19,6824,6318,92.59,19.78,42.03,1.42,3.94,8.52,8.52,415.94,130873.27,16316.13,116553.59,87.53,36.16,73.89
EXE0008,2026-01-14,EHE008,Europe,Healthcare,SELL,Urgent,VWAP,XAMS,HXEU_GROWTH,82.53,82.42,82.49,83.2,8859,8586,96.92,18.49,23.49,1.48,6.69,13.24,13.24,938.17,156856.09,82664.03,128044.39,47.3,13.11,55.27
EXE0009,2026-01-15,ACO009,Asia,Consumer,BUY,Patient,TWAP,XTKS,HXAS,46.42,46.47,46.47,46.09,18867,17474,92.62,14.35,51.99,1.46,6.94,10.46,10.46,848.54,97611.22,18381.17,101119.75,81.17,27.25,67.51
EXE0010,2026-01-16,USE010,US,Semis,SELL,Normal,Manual Hedge,XNAS,HXUS_TECH,61.31,61.22,61.84,61.61,25708,25708,100.0,10.67,22.26,1.27,8.85,14.15,14.15,2230.14,-569600.46,-82208.04,453327.66,85.57,25.77,60.11
EXE0011,2026-01-19,EHE011,Europe,Healthcare,BUY,Urgent,Liquidity Seeking,XPAR,HXEU,91.0,91.19,91.5,91.16,5812,5704,98.15,13.68,4.0,1.18,9.14,20.58,20.58,1068.28,36175.94,9189.49,37063.18,74.6,9.51,46.76
EXE0012,2026-01-20,ACO012,Asia,Consumer,SELL,Patient,VWAP,XHKG,HXAS_HIGHBETA,89.66,89.59,89.38,88.82,11606,10790,92.97,12.34,39.82,0.25,12.29,7.38,7.38,713.94,-636959.27,-25478.37,519280.25,96.0,36.27,79.26
EXE0013,2026-01-21,USE013,US,Semis,BUY,Normal,TWAP,XNAS,HXUS,56.08,56.18,55.93,55.42,23490,22911,97.54,12.09,35.13,2.06,13.18,16.7,16.7,2145.86,559638.41,218626.39,525202.09,60.93,22.05,47.72
EXE0014,2026-01-22,EHE014,Europe,Healthcare,SELL,Urgent,Manual Hedge,XAMS,HXEU_GROWTH,70.61,70.51,70.54,70.66,5393,5341,99.03,19.57,9.18,0.95,8.34,14.3,14.3,539.3,-287459.94,-125065.37,220233.85,56.49,10.91,56.43
EXE0015,2026-01-23,ACO015,Asia,Consumer,BUY,Normal,Liquidity Seeking,XTKS,HXAS,68.16,68.25,68.16,68.12,8675,8382,96.63,10.59,20.92,1.53,8.99,13.1,13.1,748.44,-553967.32,-144058.3,441861.09,74.0,17.64,61.59
EXE0016,2026-01-26,USE016,US,Semis,SELL,Urgent,VWAP,XNAS,HXUS_TECH,39.7,39.65,39.75,39.49,13356,12859,96.28,16.28,12.69,1.1,9.22,14.26,14.26,728.04,76896.04,26582.8,67302.95,65.43,9.13,56.5
EXE0017,2026-01-27,EHE017,Europe,Healthcare,BUY,Patient,TWAP,XPAR,HXEU,112.4,112.51,113.02,112.68,10678,9973,93.4,9.67,46.38,0.95,7.09,9.03,9.03,1012.27,244975.6,58908.19,235339.13,75.95,33.12,67.41
EXE0018,2026-01-28,ACO018,Asia,Consumer,SELL,Normal,Manual Hedge,XHKG,HXAS_HIGHBETA,65.19,65.13,65.13,65.1,22839,22174,97.09,17.56,19.5,0.25,6.09,8.87,8.87,1282.19,-398187.53,-91003.49,382879.47,77.15,17.94,71.13
EXE0019,2026-01-29,USE019,US,Semis,BUY,Urgent,Liquidity Seeking,XNAS,HXUS,76.32,76.43,76.6,75.78,4613,4613,100.0,11.06,8.12,1.56,12.26,14.23,14.23,501.0,126487.11,37593.04,119599.58,70.28,10.5,59.87
EXE0020,2026-01-30,EHE020,Europe,Healthcare,SELL,Patient,VWAP,XAMS,HXEU_GROWTH,98.08,98.01,97.59,97.99,4443,4163,93.7,13.02,40.39,1.03,3.44,6.73,6.73,274.78,-36966.86,-6113.19,38279.35,83.46,28.0,77.76
EXE0021,2026-02-02,ACO021,Asia,Consumer,BUY,Normal,TWAP,XTKS,HXAS,99.87,100.05,100.17,99.57,10204,10002,98.02,17.21,27.1,1.97,11.49,18.27,18.27,1824.97,-119745.99,-32681.62,124797.35,72.71,8.78,48.0
EXE0022,2026-02-03,USE022,US,Semis,SELL,Patient,Manual Hedge,XNAS,HXUS_TECH,61.09,61.05,60.7,61.16,17342,16147,93.11,4.0,39.14,0.83,14.41,6.36,6.36,627.32,-492228.06,-111043.44,483254.01,77.44,27.21,77.15
EXE0023,2026-02-04,EHE023,Europe,Healthcare,BUY,Normal,Liquidity Seeking,XPAR,HXEU,77.58,77.68,77.67,76.96,4601,4459,96.91,15.62,26.26,2.29,4.58,13.3,13.3,460.08,16758.9,4125.64,15835.79,75.38,17.01,63.1
EXE0024,2026-02-05,ACO024,Asia,Consumer,SELL,Urgent,VWAP,XHKG,HXAS_HIGHBETA,61.02,60.91,61.45,61.31,14873,14721,98.98,12.46,7.31,1.33,9.45,17.5,17.5,1571.93,442790.63,147686.45,328357.89,66.65,11.65,51.27
EXE0025,2026-02-06,USE025,US,Semis,BUY,Patient,TWAP,XNAS,HXUS,84.75,84.94,84.8,84.71,19763,18506,93.64,25.24,37.77,3.15,15.24,22.65,22.65,3552.31,-871214.56,-113590.86,908528.55,86.96,34.29,39.85
EXE0026,2026-02-09,EHE026,Europe,Healthcare,SELL,Normal,Manual Hedge,XAMS,HXEU_GROWTH,94.7,94.54,94.8,95.7,8890,8858,99.64,21.9,14.84,1.2,9.31,16.96,16.96,1422.63,218361.89,77263.78,165817.73,64.62,23.36,47.64
EXE0027,2026-02-10,ACO027,Asia,Consumer,BUY,Urgent,Liquidity Seeking,XTKS,HXAS,98.2,98.36,98.55,98.04,3497,3401,97.25,22.89,4.0,0.89,9.55,16.85,16.85,562.75,444001.0,118416.56,343684.67,73.33,10.55,56.7
EXE0028,2026-02-11,USE028,US,Semis,SELL,Patient,VWAP,XNAS,HXUS_TECH,126.83,126.71,126.13,126.72,7458,6842,91.74,20.77,42.01,0.79,5.91,9.35,9.35,811.38,220123.73,67004.62,198306.43,69.56,38.13,65.15
EXE0029,2026-02-12,EHE029,Europe,Healthcare,BUY,Urgent,TWAP,XPAR,HXEU,34.52,34.58,34.73,34.9,10588,10273,97.03,12.59,12.4,0.96,9.59,18.04,18.04,639.78,-57268.05,-25601.88,55754.45,55.29,19.88,47.21
EXE0030,2026-02-13,ACO030,Asia,Consumer,SELL,Patient,Manual Hedge,XHKG,HXAS_HIGHBETA,59.28,59.19,59.02,59.21,8495,7888,92.86,15.31,44.75,1.99,12.0,15.77,15.77,737.41,-223627.39,-29156.84,235337.97,86.96,32.35,48.92
EXE0031,2026-02-16,USE031,US,Semis,BUY,Normal,Liquidity Seeking,XNAS,HXUS,109.24,109.36,109.67,109.3,5949,5949,100.0,16.89,16.58,0.85,8.07,10.64,10.64,691.45,227264.89,84639.89,196919.9,62.76,25.4,66.73
EXE0032,2026-02-17,EHE032,Europe,Healthcare,SELL,Urgent,VWAP,XAMS,HXEU_GROWTH,89.13,88.99,89.08,89.94,10673,10525,98.62,4.22,18.61,0.95,8.18,15.52,15.52,1455.86,7032.17,2360.09,10000.0,66.44,6.26,55.38
EXE0033,2026-02-18,ACO033,Asia,Consumer,BUY,Patient,TWAP,XTKS,HXAS,83.89,83.95,84.08,83.88,9098,8474,93.14,27.05,44.13,1.41,10.23,8.01,8.01,569.39,131086.05,9134.87,111658.87,93.03,39.06,70.46
EXE0034,2026-02-19,USE034,US,Semis,SELL,Normal,Manual Hedge,XNAS,HXUS_TECH,47.55,47.49,47.29,47.03,9487,9445,99.56,15.28,34.1,0.75,9.46,13.69,13.69,614.88,108290.24,31620.81,111663.49,70.8,15.39,59.77
EXE0035,2026-02-20,EHE035,Europe,Healthcare,BUY,Urgent,Liquidity Seeking,XPAR,HXEU,90.64,90.79,90.96,91.81,3177,2935,92.38,6.26,15.01,1.77,10.9,15.94,15.94,424.07,81656.21,26426.67,64034.51,67.64,11.66,47.7
EXE0036,2026-02-23,ACO036,Asia,Consumer,SELL,Normal,VWAP,XHKG,HXAS_HIGHBETA,107.97,107.86,107.22,108.7,6994,6961,99.53,19.88,27.74,1.35,5.36,10.35,10.35,777.91,-227770.06,-59524.65,173132.88,73.87,16.06,71.76
EXE0037,2026-02-24,USE037,US,Semis,BUY,Urgent,TWAP,XNAS,HXUS,51.17,51.25,51.01,51.14,22971,21959,95.59,10.92,24.12,1.52,3.76,15.62,15.62,1754.97,-559857.58,-159824.04,487204.79,71.45,17.24,54.94
EXE0038,2026-02-25,EHE038,Europe,Healthcare,SELL,Patient,Manual Hedge,XAMS,HXEU_GROWTH,46.41,46.34,46.4,46.21,37955,35449,93.4,14.84,41.34,1.83,7.66,14.68,14.68,2415.12,377016.75,42888.33,314685.97,88.62,40.01,59.23
EXE0039,2026-02-26,ACO039,Asia,Consumer,BUY,Normal,Liquidity Seeking,XTKS,HXAS,88.18,88.27,88.05,88.2,13029,12431,95.41,15.41,18.84,1.76,8.67,10.96,10.96,1201.34,62363.54,19527.36,63544.42,68.69,18.79,65.63
EXE0040,2026-02-27,USE040,US,Semis,SELL,Urgent,VWAP,XNAS,HXUS_TECH,94.25,94.1,94.54,94.3,13902,13394,96.34,13.14,4.0,2.48,6.8,16.25,16.25,2051.44,-1032693.57,-210344.77,986870.76,79.63,8.92,52.98
EXE0041,2026-03-02,EHE041,Europe,Healthcare,BUY,Patient,TWAP,XPAR,HXEU,60.21,60.26,60.29,60.65,7788,7511,96.44,6.41,49.17,1.09,5.27,8.33,8.33,376.69,138255.01,19321.51,138841.92,86.02,36.83,73.54
EXE0042,2026-03-03,ACO042,Asia,Consumer,SELL,Normal,Manual Hedge,XHKG,HXAS_HIGHBETA,91.69,91.56,91.52,92.08,4402,4303,97.75,16.39,19.36,1.54,9.39,14.27,14.27,563.03,198179.31,45009.64,208934.29,77.29,23.1,58.05
EXE0043,2026-03-04,USE043,US,Semis,BUY,Patient,Liquidity Seeking,XNAS,HXUS,82.6,82.69,82.79,82.3,5628,5161,91.71,7.52,55.17,1.41,7.83,10.46,10.46,445.93,149578.87,35499.95,121582.08,76.27,30.1,65.48
EXE0044,2026-03-05,EHE044,Europe,Healthcare,SELL,Normal,VWAP,XAMS,HXEU_GROWTH,69.88,69.78,70.12,69.73,11668,11457,98.19,10.88,33.46,1.51,10.5,13.98,13.98,1119.24,699369.14,190590.94,588409.91,72.75,21.1,61.98
EXE0045,2026-03-06,ACO045,Asia,Consumer,BUY,Urgent,TWAP,XTKS,HXAS,90.27,90.45,90.42,89.82,4080,3810,93.37,11.88,13.22,1.77,9.88,19.25,19.25,662.08,-349419.48,-76532.85,284984.68,78.1,5.5,43.09
EXE0046,2026-03-09,USE046,US,Semis,SELL,Patient,Manual Hedge,XNAS,HXUS_TECH,118.67,118.56,119.1,118.64,13239,13239,100.0,15.14,51.68,0.25,9.58,9.91,9.91,1556.99,-1151108.97,-282128.01,978422.3,75.49,31.21,73.69
EXE0047,2026-03-10,EHE047,Europe,Healthcare,BUY,Normal,Liquidity Seeking,XPAR,HXEU,80.61,80.77,80.55,80.2,2768,2618,94.57,12.7,28.98,1.91,11.83,19.77,19.77,417.23,-78939.16,-28956.84,66342.79,63.32,21.83,40.61
EXE0048,2026-03-11,ACO048,Asia,Consumer,SELL,Urgent,VWAP,XHKG,HXAS_HIGHBETA,67.29,67.2,67.24,67.38,19509,18744,96.08,12.42,8.85,1.56,5.36,13.11,13.11,1653.43,1136452.34,458192.69,1123477.73,59.68,14.47,60.81
EXE0049,2026-03-12,USE049,US,Semis,BUY,Patient,TWAP,XNAS,HXUS,135.12,135.17,135.86,136.04,2727,2521,92.44,17.46,33.03,0.27,8.79,3.86,3.86,131.48,89946.82,3597.87,67306.55,96.0,39.29,82.6
EXE0050,2026-03-13,EHE050,Europe,Healthcare,SELL,Urgent,Manual Hedge,XAMS,HXEU_GROWTH,109.88,109.66,110.14,109.75,7935,7458,93.99,18.15,5.39,1.69,11.66,20.54,20.54,1683.28,156985.34,51315.28,124408.34,67.31,10.02,43.21
EXE0051,2026-03-16,ACO051,Asia,Consumer,BUY,Patient,Liquidity Seeking,XTKS,HXAS,70.9,70.99,71.32,71.6,6672,6550,98.18,15.19,29.57,1.91,17.67,12.98,12.98,602.78,277861.89,70658.36,299440.2,74.57,42.98,63.8
EXE0052,2026-03-17,USE052,US,Semis,SELL,Normal,VWAP,XNAS,HXUS_TECH,108.95,108.8,108.58,108.46,6291,6291,100.0,16.34,18.03,1.44,6.95,13.74,13.74,941.71,-287474.31,-50780.57,275789.15,82.34,23.76,64.48
EXE0053,2026-03-18,EHE053,Europe,Healthcare,BUY,Urgent,TWAP,XPAR,HXEU,52.73,52.82,52.98,53.7,11529,11529,100.0,8.56,14.02,1.18,10.7,16.95,16.95,1030.36,261842.21,103926.71,257426.68,60.31,11.33,54.15
EXE0054,2026-03-19,ACO054,Asia,Consumer,SELL,Patient,Manual Hedge,XHKG,HXAS_HIGHBETA,69.04,68.94,69.05,69.81,13471,12957,96.18,11.94,33.87,1.11,8.16,14.97,14.97,1339.21,67507.95,9712.97,69619.72,85.61,35.32,57.38
EXE0055,2026-03-20,USE055,US,Semis,BUY,Normal,Liquidity Seeking,XNAS,HXUS,73.77,73.9,74.0,73.84,8269,7780,94.09,18.12,26.95,1.92,8.01,16.61,16.61,953.35,-237699.51,-29821.4,212798.24,87.45,27.25,54.05
EXE0056,2026-03-23,EHE056,Europe,Healthcare,SELL,Urgent,VWAP,XAMS,HXEU_GROWTH,138.8,138.62,139.56,138.19,4166,4166,100.0,17.97,22.89,0.41,9.07,12.86,12.86,743.59,-75648.28,-30331.97,59075.39,59.9,10.07,63.84
EXE0057,2026-03-24,ACO057,Asia,Consumer,BUY,Normal,TWAP,XTKS,HXAS,76.71,76.79,76.62,76.51,5330,5303,99.49,25.69,24.19,1.52,9.04,10.56,10.56,429.58,269841.3,84057.96,218104.51,68.85,25.03,69.48
EXE0058,2026-03-25,USE058,US,Semis,SELL,Urgent,Manual Hedge,XNAS,HXUS_TECH,91.12,90.98,91.18,90.87,6141,5891,95.94,17.23,16.4,0.86,6.83,15.45,15.45,829.37,-345487.33,-130867.36,308892.33,62.12,12.63,48.9
EXE0059,2026-03-26,EHE059,Europe,Healthcare,BUY,Patient,Liquidity Seeking,XPAR,HXEU,51.99,52.05,51.86,51.84,14637,14012,95.73,24.07,54.2,2.11,7.5,11.45,11.45,834.16,598569.11,55966.04,551182.9,90.65,30.45,68.08
EXE0060,2026-03-27,ACO060,Asia,Consumer,SELL,Normal,VWAP,XHKG,HXAS_HIGHBETA,50.75,50.7,50.94,50.63,17022,16693,98.07,8.5,26.45,0.59,7.26,11.29,11.29,956.51,512535.0,20501.4,483201.68,96.0,23.51,71.0
EXE0061,2026-03-30,USE061,US,Semis,BUY,Urgent,TWAP,XNAS,HXUS,36.99,37.06,36.93,37.59,18325,17743,96.83,14.48,15.71,1.66,5.31,20.61,20.61,1352.61,-190152.52,-37583.43,197922.26,80.24,24.05,44.36
EXE0062,2026-03-31,EHE062,Europe,Healthcare,SELL,Patient,Manual Hedge,XAMS,HXEU_GROWTH,67.12,67.05,67.03,67.61,8699,8189,94.13,15.37,45.84,1.63,9.44,10.74,10.74,590.35,413117.4,44929.44,371326.09,89.12,37.74,71.06
EXE0063,2026-04-01,ACO063,Asia,Consumer,BUY,Normal,Liquidity Seeking,XTKS,HXAS,103.32,103.42,103.01,103.79,16532,16342,98.85,21.66,23.67,0.78,7.47,9.5,9.5,1603.98,1351300.96,358269.91,1058245.94,73.49,17.49,71.05
EXE0064,2026-04-02,USE064,US,Semis,SELL,Patient,VWAP,XNAS,HXUS_TECH,79.67,79.59,79.31,80.45,9696,9696,100.0,19.12,38.27,1.37,3.0,9.98,9.98,770.98,726605.43,29064.22,725054.07,96.0,43.6,77.88
EXE0065,2026-04-03,EHE065,Europe,Healthcare,BUY,Normal,TWAP,XPAR,HXEU,178.27,178.42,180.01,178.91,1388,1338,96.37,21.29,25.86,0.64,6.6,8.86,8.86,211.33,-53315.63,-12571.6,47214.15,76.42,12.56,76.38
EXE0066,2026-04-06,ACO066,Asia,Consumer,SELL,Urgent,Manual Hedge,XHKG,HXAS_HIGHBETA,61.26,61.16,60.92,61.29,31019,30780,99.23,6.46,4.0,0.79,6.5,16.58,16.58,3126.32,285291.91,134631.15,301352.69,52.81,19.44,50.84
EXE0067,2026-04-07,USE067,US,Semis,BUY,Patient,Liquidity Seeking,XNAS,HXUS,88.45,88.59,88.58,88.66,10054,9241,91.91,9.15,40.3,1.81,15.06,15.72,15.72,1284.91,511692.99,96914.91,381047.26,81.06,35.98,51.87
EXE0068,2026-04-08,EHE068,Europe,Healthcare,SELL,Normal,VWAP,XAMS,HXEU_GROWTH,73.57,73.47,73.7,73.85,5521,5521,100.0,11.92,31.88,1.25,13.0,12.59,12.59,511.36,42302.7,11675.15,42486.89,72.4,27.85,63.13
EXE0069,2026-04-09,ACO069,Asia,Consumer,BUY,Urgent,TWAP,XTKS,HXAS,109.95,110.17,109.69,110.63,4109,3908,95.1,15.8,4.35,1.67,13.59,20.42,20.42,877.42,-242420.16,-70656.11,183707.7,70.85,3.46,39.67
EXE0070,2026-04-10,USE070,US,Semis,SELL,Patient,Manual Hedge,XNAS,HXUS_TECH,89.53,89.48,89.7,89.57,4495,4111,91.47,15.92,31.81,1.5,3.0,5.61,5.61,206.48,-163974.81,-21736.28,163246.39,86.74,23.8,73.96
EXE0071,2026-04-13,EHE071,Europe,Healthcare,BUY,Urgent,Liquidity Seeking,XPAR,HXEU,68.04,68.15,68.46,68.46,23016,22686,98.57,13.04,9.01,1.96,4.37,15.75,15.75,2431.13,-856205.47,-176655.78,682066.7,79.37,13.86,58.19
EXE0072,2026-04-14,ACO072,Asia,Consumer,SELL,Patient,VWAP,XHKG,HXAS_HIGHBETA,53.47,53.42,53.55,53.56,14653,13498,92.12,6.04,68.89,1.46,10.81,8.77,8.77,632.92,-445277.63,-68022.77,428284.62,84.72,35.55,72.21
EXE0073,2026-04-15,USE073,US,Semis,BUY,Normal,TWAP,XNAS,HXUS,93.84,93.93,93.93,95.17,29944,29778,99.45,11.57,17.08,0.85,12.21,10.02,10.02,2799.88,177063.12,7082.52,162823.33,96.0,24.05,73.68
EXE0074,2026-04-16,EHE074,Europe,Healthcare,SELL,Urgent,Manual Hedge,XAMS,HXEU_GROWTH,74.64,74.49,74.26,74.41,23158,22737,98.18,24.1,4.0,2.09,9.5,19.91,19.91,3378.98,-42753.95,-21259.91,44739.07,50.27,21.19,41.39
EXE0075,2026-04-17,ACO075,Asia,Consumer,BUY,Patient,Liquidity Seeking,XTKS,HXAS,101.36,101.48,102.06,100.29,17043,16013,93.96,17.83,37.72,2.32,7.88,11.97,11.97,1942.85,493503.65,63592.86,452921.39,87.11,32.14,61.47
EXE0076,2026-04-20,USE076,US,Semis,SELL,Normal,VWAP,XNAS,HXUS_TECH,73.95,73.89,73.72,73.29,3429,3374,98.39,7.65,7.27,0.98,5.4,7.83,7.83,195.36,39398.71,8322.43,38796.62,78.88,12.85,74.28
EXE0077,2026-04-21,EHE077,Europe,Healthcare,BUY,Urgent,TWAP,XPAR,HXEU,60.48,60.59,60.16,61.6,11338,11338,100.0,21.04,10.49,0.95,14.98,18.42,18.42,1263.09,45669.94,19232.98,33746.86,57.89,3.0,51.99
EXE0078,2026-04-22,ACO078,Asia,Consumer,SELL,Normal,Manual Hedge,XHKG,HXAS_HIGHBETA,84.44,84.32,84.0,84.24,8310,7989,96.14,10.31,13.41,1.51,13.03,14.02,14.02,945.75,70601.26,11932.31,53796.29,83.1,22.88,60.09
EXE0079,2026-04-23,USE079,US,Semis,BUY,Urgent,Liquidity Seeking,XNAS,HXUS,108.72,108.91,108.74,109.37,5347,5285,98.84,8.59,15.38,0.87,9.22,17.41,17.41,1000.38,127574.6,42548.25,97316.5,66.65,13.79,50.68
EXE0080,2026-04-24,EHE080,Europe,Healthcare,SELL,Patient,VWAP,XAMS,HXEU_GROWTH,66.96,66.91,67.16,67.11,18464,17732,96.04,17.45,46.58,1.09,8.51,7.2,7.2,854.85,723384.81,160383.43,678360.48,77.83,31.41,75.12
EXE0081,2026-04-27,ACO081,Asia,Consumer,BUY,Normal,TWAP,XTKS,HXAS,62.88,62.94,62.66,63.12,9854,9803,99.48,20.67,25.84,0.94,5.86,10.44,10.44,643.49,-27180.41,-5599.26,26347.11,79.4,24.05,69.44
EXE0082,2026-04-28,USE082,US,Semis,SELL,Urgent,Manual Hedge,XNAS,HXUS_TECH,81.77,81.62,81.9,82.52,10751,10670,99.25,9.48,20.79,1.26,7.77,17.34,17.34,1512.82,-427783.56,-143364.69,449553.32,66.49,9.72,55.6
EXE0083,2026-04-29,EHE083,Europe,Healthcare,BUY,Patient,Liquidity Seeking,XPAR,HXEU,106.35,106.42,106.43,105.24,13745,13233,96.28,23.93,63.36,0.25,12.36,5.94,5.94,835.98,339362.73,13574.51,305573.58,96.0,45.63,81.67
EXE0084,2026-04-30,ACO084,Asia,Consumer,SELL,Normal,VWAP,XHKG,HXAS_HIGHBETA,53.15,53.1,53.81,52.66,7332,6926,94.46,6.63,24.83,0.47,7.56,9.17,9.17,337.57,140167.61,33133.4,101911.76,76.36,24.09,67.86
EXE0085,2026-05-01,USE085,US,Semis,BUY,Patient,TWAP,XNAS,HXUS,57.45,57.49,57.62,57.32,13299,13035,98.02,14.05,43.85,1.58,5.36,7.47,7.47,559.36,36628.94,9035.83,31346.12,75.33,37.31,79.09
EXE0086,2026-05-04,EHE086,Europe,Healthcare,SELL,Normal,Manual Hedge,XAMS,HXEU_GROWTH,87.17,87.07,87.7,86.7,14075,13769,97.83,19.08,26.56,1.19,9.55,11.46,11.46,1375.53,-788098.52,-299965.23,759361.8,61.94,21.64,65.79
EXE0087,2026-05-05,ACO087,Asia,Consumer,BUY,Urgent,Liquidity Seeking,XTKS,HXAS,47.58,47.66,47.77,47.87,18296,17429,95.26,15.93,6.08,1.89,6.0,17.48,17.48,1449.51,843091.05,344267.3,637386.05,59.17,12.37,48.11
EXE0088,2026-05-06,USE088,US,Semis,SELL,Patient,VWAP,XNAS,HXUS_TECH,116.03,115.95,116.18,116.41,4850,4668,96.24,5.32,53.78,0.94,5.77,7.32,7.32,396.48,163866.23,16693.78,156448.27,89.81,43.67,74.84
EXE0089,2026-05-07,EHE089,Europe,Healthcare,BUY,Normal,TWAP,XPAR,HXEU,116.13,116.35,116.21,116.89,9630,9416,97.78,20.99,17.59,1.96,21.39,18.79,18.79,2054.65,-267111.0,-74882.17,222223.67,71.97,13.66,54.18
EXE0090,2026-05-08,ACO090,Asia,Consumer,SELL,Urgent,Manual Hedge,XHKG,HXAS_HIGHBETA,89.92,89.76,90.01,89.58,3950,3882,98.28,14.22,5.87,1.49,8.26,18.0,18.0,628.34,-186984.47,-69228.23,150194.78,62.98,9.41,48.74
EXE0091,2026-01-05,USE091,US,Semis,BUY,Patient,Liquidity Seeking,XNAS,HXUS,110.16,110.28,109.74,110.04,5316,5009,94.22,18.48,41.86,0.47,5.53,10.49,10.49,578.83,104583.28,13174.96,80786.36,87.4,32.78,65.3
EXE0092,2026-01-06,EHE092,Europe,Healthcare,SELL,Urgent,VWAP,XAMS,HXEU_GROWTH,181.63,181.23,181.93,183.68,3401,3339,98.18,14.39,19.95,1.48,8.95,21.95,21.95,1331.15,539083.86,211225.21,486448.09,60.82,14.95,33.87
EXE0093,2026-01-07,ACO093,Asia,Consumer,BUY,Patient,TWAP,XTKS,HXAS,81.33,81.43,81.02,81.96,15049,13774,91.53,15.91,31.73,0.79,16.57,12.47,12.47,1396.93,-123571.2,-20021.42,124542.78,83.8,36.91,58.0
EXE0094,2026-01-08,USE094,US,Semis,SELL,Normal,Manual Hedge,XNAS,HXUS_TECH,129.81,129.61,131.11,128.45,4317,4148,96.08,14.0,25.44,1.47,11.72,15.21,15.21,818.96,174989.74,55241.76,143412.39,68.43,15.11,52.64
EXE0095,2026-01-09,EHE095,Europe,Healthcare,BUY,Urgent,Liquidity Seeking,XPAR,HXEU,51.92,51.99,51.8,52.44,10976,10976,100.0,16.2,4.0,1.36,3.14,12.86,12.86,732.84,-212684.43,-40615.95,172666.48,80.9,19.07,67.28
EXE0096,2026-01-12,ACO096,Asia,Consumer,SELL,Patient,VWAP,XHKG,HXAS_HIGHBETA,65.46,65.4,65.11,65.4,3017,2871,95.17,11.3,39.54,1.43,7.83,8.67,8.67,162.94,11213.5,2086.36,10000.0,81.39,34.16,68.94
EXE0097,2026-01-13,USE097,US,Semis,BUY,Normal,TWAP,XNAS,HXUS,66.41,66.49,66.52,67.01,7173,6970,97.17,9.57,11.88,1.07,13.93,12.21,12.21,565.16,24624.4,4266.81,26166.81,82.67,26.97,64.77
EXE0098,2026-01-14,EHE098,Europe,Healthcare,SELL,Urgent,Manual Hedge,XAMS,HXEU_GROWTH,75.4,75.27,75.4,75.17,14465,13955,96.47,11.74,23.41,1.04,7.75,17.26,17.26,1816.09,779455.07,95102.55,695815.44,87.8,16.23,50.59
EXE0099,2026-01-15,ACO099,Asia,Consumer,BUY,Normal,Liquidity Seeking,XTKS,HXAS,133.47,133.62,132.29,134.48,8494,8026,94.49,8.91,29.56,1.05,4.19,11.26,11.26,1206.17,906762.21,308632.03,944582.25,65.96,16.17,63.57
EXE0100,2026-01-16,USE100,US,Semis,SELL,Urgent,VWAP,XNAS,HXUS_TECH,32.38,32.34,32.41,32.12,28807,28297,98.23,5.31,8.4,0.93,6.74,13.56,13.56,1242.5,-36122.39,-10937.02,26618.97,69.72,10.9,60.4
EXE0101,2026-01-19,EHE101,Europe,Healthcare,BUY,Patient,TWAP,XPAR,HXEU,76.74,76.8,76.6,77.52,7344,7016,95.54,18.22,42.08,0.81,8.61,7.67,7.67,412.96,-157006.89,-6280.28,131468.17,96.0,31.84,76.71
EXE0102,2026-01-20,ACO102,Asia,Consumer,SELL,Normal,Manual Hedge,XHKG,HXAS_HIGHBETA,73.0,72.89,72.9,72.57,8220,8154,99.19,12.07,27.86,0.26,9.32,15.05,15.05,895.84,-281347.53,-94215.22,238079.82,66.51,28.05,57.07
EXE0103,2026-01-21,USE103,US,Semis,BUY,Urgent,Liquidity Seeking,XNAS,HXUS,60.71,60.82,60.83,61.11,9986,9362,93.75,23.5,14.15,1.62,12.85,18.29,18.29,1039.57,-420662.07,-59050.75,345267.15,85.96,4.7,46.97
EXE0104,2026-01-22,EHE104,Europe,Healthcare,SELL,Patient,VWAP,XAMS,HXEU_GROWTH,70.71,70.67,70.64,70.51,5047,4638,91.9,20.1,57.07,1.15,4.4,5.38,5.38,176.43,258697.79,10347.91,248115.82,96.0,31.52,74.54
EXE0105,2026-01-23,ACO105,Asia,Consumer,BUY,Normal,TWAP,XTKS,HXAS,123.51,123.67,123.45,124.14,4119,3928,95.37,14.65,29.45,1.17,6.87,13.04,13.04,632.65,503018.85,124635.98,391125.13,75.22,34.83,64.87
EXE0106,2026-01-26,USE106,US,Semis,SELL,Patient,Manual Hedge,XNAS,HXUS_TECH,74.82,74.74,75.37,74.57,15048,13694,91.0,17.28,55.99,1.16,6.21,10.57,10.57,1082.96,-356598.19,-17289.71,328889.07,95.15,34.64,63.0
EXE0107,2026-01-27,EHE107,Europe,Healthcare,BUY,Normal,Liquidity Seeking,XPAR,HXEU,70.29,70.39,70.42,70.17,16672,16415,98.46,16.63,29.08,1.91,3.0,14.46,14.46,1668.49,-98855.26,-33479.18,73207.0,66.13,29.12,55.88
EXE0108,2026-01-28,ACO108,Asia,Consumer,SELL,Urgent,VWAP,XHKG,HXAS_HIGHBETA,64.97,64.88,64.82,65.23,1899,1832,96.45,18.47,7.36,1.13,7.13,14.11,14.11,167.95,62485.6,17661.95,49786.88,71.73,18.3,60.72
EXE0109,2026-01-29,USE109,US,Semis,BUY,Patient,TWAP,XNAS,HXUS,119.35,119.52,119.52,118.41,9698,8998,92.78,6.29,48.03,1.32,10.57,14.18,14.18,1522.78,-290135.31,-11605.41,307252.36,96.0,36.54,61.93
EXE0110,2026-01-30,EHE110,Europe,Healthcare,SELL,Normal,Manual Hedge,XAMS,HXEU_GROWTH,90.95,90.86,90.72,90.38,10362,10362,100.0,21.84,26.89,1.01,5.66,10.11,10.11,952.81,-265290.83,-57324.99,233012.78,78.39,18.25,69.39
EXE0111,2026-02-02,ACO111,Asia,Consumer,BUY,Urgent,Liquidity Seeking,XTKS,HXAS,67.54,67.68,67.25,67.78,22989,21641,94.14,28.84,10.93,1.41,14.59,20.1,20.1,2937.85,98337.55,37224.73,104739.52,62.15,20.99,38.28
EXE0112,2026-02-03,USE112,US,Semis,SELL,Patient,VWAP,XNAS,HXUS_TECH,81.59,81.53,81.04,80.74,6594,6162,93.45,9.68,28.95,1.4,7.24,7.61,7.61,382.6,308739.49,53370.04,252544.46,82.71,36.09,74.51
EXE0113,2026-02-04,EHE113,Europe,Healthcare,BUY,Urgent,TWAP,XPAR,HXEU,34.62,34.68,34.62,34.51,6627,6427,96.98,15.11,19.29,1.78,11.16,15.88,15.88,353.35,-77060.48,-32341.91,58208.23,58.03,8.54,53.89
EXE0114,2026-02-05,ACO114,Asia,Consumer,SELL,Patient,Manual Hedge,XHKG,HXAS_HIGHBETA,59.55,59.52,59.29,59.78,2251,2140,95.06,16.42,49.93,1.03,3.52,5.68,5.68,72.38,-26106.57,-2615.32,23508.18,89.98,25.94,78.55
EXE0115,2026-02-06,USE115,US,Semis,BUY,Normal,Liquidity Seeking,XNAS,HXUS,207.58,207.85,208.12,209.38,1535,1462,95.24,15.48,25.6,0.61,11.85,12.6,12.6,382.4,77355.96,15138.66,71717.27,80.43,26.82,63.07
EXE0116,2026-02-09,EHE116,Europe,Healthcare,SELL,Urgent,VWAP,XAMS,HXEU_GROWTH,82.42,82.3,82.2,82.32,10945,10945,100.0,17.82,13.7,1.32,5.59,14.33,14.33,1292.74,578203.68,250287.34,467913.18,56.71,8.35,55.49
EXE0117,2026-02-10,ACO117,Asia,Consumer,BUY,Patient,TWAP,XTKS,HXAS,104.27,104.37,104.58,104.73,7215,6588,91.31,18.11,37.55,1.04,11.49,9.58,9.58,658.1,-250163.17,-32523.84,234541.33,87.0,32.3,63.81
EXE0118,2026-02-11,USE118,US,Semis,SELL,Normal,Manual Hedge,XNAS,HXUS_TECH,120.65,120.48,120.13,121.71,6541,6392,97.73,19.29,25.85,0.75,9.92,14.17,14.17,1092.83,312596.92,119282.07,322630.7,61.84,26.35,54.41
EXE0119,2026-02-12,EHE119,Europe,Healthcare,BUY,Urgent,Liquidity Seeking,XPAR,HXEU,70.64,70.79,71.27,70.54,8539,8137,95.3,27.27,22.03,1.49,14.77,20.83,20.83,1197.38,-140573.21,-16012.26,116968.99,88.61,10.34,42.19
EXE0120,2026-02-13,ACO120,Asia,Consumer,SELL,Normal,VWAP,XHKG,HXAS_HIGHBETA,73.43,73.34,73.91,74.26,7635,7556,98.97,10.64,13.57,1.53,8.58,11.38,11.38,631.37,181276.19,54745.64,148750.13,69.8,16.87,67.67
EXE0121,2026-02-16,USE121,US,Semis,BUY,Urgent,TWAP,XNAS,HXUS,67.73,67.86,67.19,67.91,15121,14314,94.66,13.96,11.26,1.48,13.56,19.56,19.56,1896.27,-1215063.7,-440473.96,1235506.28,63.75,10.11,44.38
EXE0122,2026-02-17,EHE122,Europe,Healthcare,SELL,Patient,Manual Hedge,XAMS,HXEU_GROWTH,72.21,72.14,72.52,72.38,8859,8160,92.11,5.33,24.18,1.3,11.57,9.57,9.57,563.87,-608479.52,-139962.41,530869.37,77.0,28.54,70.49
EXE0123,2026-02-18,ACO123,Asia,Consumer,BUY,Normal,Liquidity Seeking,XTKS,HXAS,78.45,78.53,78.62,78.96,5044,4889,96.93,4.0,18.32,1.59,7.74,10.7,10.7,410.37,-33861.85,-9036.49,31555.2,73.31,23.3,68.14
EXE0124,2026-02-19,USE124,US,Semis,SELL,Urgent,VWAP,XNAS,HXUS_TECH,121.46,121.25,121.28,121.45,6680,6534,97.81,7.56,16.16,1.92,7.61,17.17,17.17,1362.59,56713.17,25192.39,49367.9,55.58,11.84,49.03
EXE0125,2026-02-20,EHE125,Europe,Healthcare,BUY,Patient,TWAP,XPAR,HXEU,64.02,64.08,63.46,63.82,7012,6547,93.37,12.91,36.97,1.16,7.55,8.61,8.61,360.88,8333.72,2327.09,10000.0,72.08,23.24,66.9
EXE0126,2026-02-23,ACO126,Asia,Consumer,SELL,Normal,Manual Hedge,XHKG,HXAS_HIGHBETA,87.16,87.0,87.54,87.67,9098,9063,99.62,17.54,15.58,2.05,8.54,18.19,18.19,1436.82,-33031.88,-5304.81,30239.76,83.94,21.39,53.91
EXE0127,2026-02-24,USE127,US,Semis,BUY,Patient,Liquidity Seeking,XNAS,HXUS,101.08,101.24,100.85,101.15,9361,8754,93.52,6.47,47.35,1.72,12.42,15.3,15.3,1353.88,66079.14,17340.28,66746.47,73.76,29.7,51.8
EXE0128,2026-02-25,EHE128,Europe,Healthcare,SELL,Normal,VWAP,XAMS,HXEU_GROWTH,97.98,97.89,98.53,98.11,7732,7238,93.62,21.47,20.33,1.65,6.91,9.2,9.2,652.48,257111.23,74423.16,217757.42,71.05,16.49,64.86
EXE0129,2026-02-26,ACO129,Asia,Consumer,BUY,Urgent,TWAP,XTKS,HXAS,76.42,76.51,76.27,76.65,7627,7627,100.0,9.3,9.46,0.83,8.56,11.83,11.83,689.5,307473.07,84307.1,285041.89,72.58,15.61,65.4
EXE0130,2026-02-27,USE130,US,Semis,SELL,Patient,Manual Hedge,XNAS,HXUS_TECH,62.49,62.41,62.14,62.39,8253,7746,93.85,10.66,52.86,0.62,14.62,13.27,13.27,642.37,391579.54,75311.97,287712.09,80.77,26.84,62.46
EXE0131,2026-03-02,EHE131,Europe,Healthcare,BUY,Normal,Liquidity Seeking,XPAR,HXEU,53.77,53.84,53.89,53.84,8061,7916,98.2,14.21,45.1,1.24,9.65,14.05,14.05,598.0,-461908.8,-122958.37,448885.81,73.38,25.23,60.16
EXE0132,2026-03-03,ACO132,Asia,Consumer,SELL,Urgent,VWAP,XHKG,HXAS_HIGHBETA,105.03,104.88,105.08,103.58,12237,11305,92.39,25.31,10.58,1.17,5.14,14.28,14.28,1695.49,713208.94,233410.75,659917.8,67.27,13.15,52.83
EXE0133,2026-03-04,USE133,US,Semis,BUY,Patient,TWAP,XNAS,HXUS,88.73,88.79,88.36,87.16,7246,6571,90.68,16.05,42.18,0.68,11.77,6.97,6.97,406.38,558749.08,101611.35,541813.42,81.81,44.51,68.69
EXE0134,2026-03-05,EHE134,Europe,Healthcare,SELL,Urgent,Manual Hedge,XAMS,HXEU_GROWTH,72.44,72.33,72.03,72.93,11379,11100,97.54,20.5,4.0,0.55,4.26,16.15,16.15,1298.68,568599.84,175102.27,593554.12,69.2,9.36,46.87
EXE0135,2026-03-06,ACO135,Asia,Consumer,BUY,Patient,Liquidity Seeking,XTKS,HXAS,118.16,118.26,118.85,119.23,5675,5314,93.64,21.82,41.17,0.9,7.86,8.86,8.86,556.31,388569.71,70030.18,373790.85,81.98,28.97,76.37
EXE0136,2026-03-09,USE136,US,Semis,SELL,Normal,VWAP,XNAS,HXUS_TECH,67.05,66.97,66.95,67.1,11311,11180,98.84,9.47,20.09,1.59,12.16,11.76,11.76,881.54,-273806.35,-67980.25,217554.02,75.17,21.52,67.65
EXE0137,2026-03-10,EHE137,Europe,Healthcare,BUY,Urgent,TWAP,XPAR,HXEU,59.8,59.9,59.54,59.8,9338,9181,98.32,13.24,18.43,0.25,14.95,16.32,16.32,896.04,368382.46,99121.0,311261.59,73.09,13.94,50.51
EXE0138,2026-03-11,ACO138,Asia,Consumer,SELL,Patient,Manual Hedge,XHKG,HXAS_HIGHBETA,64.35,64.27,64.49,64.55,14107,13803,97.85,15.25,33.44,2.43,10.56,11.41,11.41,1013.4,137090.21,33865.76,118295.09,75.3,37.47,66.87
EXE0139,2026-03-12,USE139,US,Semis,BUY,Normal,Liquidity Seeking,XNAS,HXUS,66.79,66.85,66.57,66.88,14656,13889,94.76,28.47,25.71,0.6,6.94,9.79,9.79,908.13,495768.65,122980.06,519509.25,75.19,23.2,67.9
EXE0140,2026-03-13,EHE140,Europe,Healthcare,SELL,Urgent,VWAP,XAMS,HXEU_GROWTH,97.59,97.43,97.46,99.11,6258,6224,99.46,6.39,15.66,1.65,7.83,16.21,16.21,984.55,549490.07,246360.98,550647.28,55.17,17.45,53.61
EXE0141,2026-03-16,ACO141,Asia,Consumer,BUY,Normal,TWAP,XTKS,HXAS,77.66,77.79,77.86,78.04,10151,10151,100.0,13.84,25.82,1.6,9.42,15.88,15.88,1251.94,8816.87,1999.62,10000.0,77.32,25.88,56.46
EXE0142,2026-03-17,USE142,US,Semis,SELL,Urgent,Manual Hedge,XNAS,HXUS_TECH,73.07,72.93,73.78,72.38,3653,3653,100.0,6.18,13.27,1.45,8.68,18.71,18.71,499.42,24403.37,6130.24,25928.57,74.88,15.37,49.09
EXE0143,2026-03-18,EHE143,Europe,Healthcare,BUY,Patient,Liquidity Seeking,XPAR,HXEU,45.26,45.31,45.37,45.06,13800,12916,93.59,19.58,43.06,1.48,5.45,12.03,12.03,703.25,358396.42,99059.44,320404.22,72.36,34.7,57.37
EXE0144,2026-03-19,ACO144,Asia,Consumer,SELL,Normal,VWAP,XHKG,HXAS_HIGHBETA,85.57,85.47,86.21,86.05,10972,10640,96.98,24.71,29.65,0.77,7.37,10.79,10.79,982.36,-600684.64,-202637.19,648066.77,66.27,25.03,65.72
EXE0145,2026-03-20,USE145,US,Semis,BUY,Urgent,TWAP,XNAS,HXUS,90.85,90.95,90.93,90.77,7841,7461,95.15,17.22,13.25,0.25,10.2,11.24,11.24,761.86,682939.76,321299.06,697569.14,52.95,9.37,57.55
EXE0146,2026-03-23,EHE146,Europe,Healthcare,SELL,Patient,Manual Hedge,XAMS,HXEU_GROWTH,63.3,63.23,63.4,63.06,27507,25046,91.05,14.74,42.26,1.74,11.24,11.14,11.14,1766.05,371141.37,52536.65,351100.25,85.84,40.41,64.28
EXE0147,2026-03-24,ACO147,Asia,Consumer,BUY,Normal,Liquidity Seeking,XTKS,HXAS,140.48,140.64,140.9,140.01,3755,3498,93.15,15.27,19.17,0.25,8.48,11.13,11.13,546.94,165929.66,40868.55,179180.0,75.37,26.54,59.23
EXE0148,2026-03-25,USE148,US,Semis,SELL,Patient,VWAP,XNAS,HXUS_TECH,74.05,74.02,74.52,73.34,10229,9771,95.52,11.95,50.44,1.17,8.42,4.44,4.44,321.26,124562.33,20475.97,97236.23,83.56,29.3,78.76
EXE0149,2026-03-26,EHE149,Europe,Healthcare,BUY,Normal,TWAP,XPAR,HXEU,113.63,113.8,113.88,112.81,2903,2852,98.23,8.58,26.25,2.16,3.01,15.07,15.07,488.38,-1849.67,-348.43,10000.0,81.16,20.78,54.91
EXE0150,2026-03-27,ACO150,Asia,Consumer,SELL,Urgent,Manual Hedge,XHKG,HXAS_HIGHBETA,67.75,67.61,67.94,68.15,21949,21633,98.56,20.5,5.96,1.57,9.5,21.45,21.45,3143.86,-972728.08,-359425.55,732048.96,63.05,16.33,40.61
EXE0151,2026-03-30,USE151,US,Semis,BUY,Patient,Liquidity Seeking,XNAS,HXUS,85.48,85.59,86.05,85.29,4032,3727,92.42,20.39,45.85,1.14,7.4,12.43,12.43,395.99,-182980.92,-39562.73,173292.46,78.38,32.97,57.52
EXE0152,2026-03-31,EHE152,Europe,Healthcare,SELL,Normal,VWAP,XAMS,HXEU_GROWTH,60.49,60.41,60.5,60.35,3468,3468,100.0,6.31,19.11,1.34,9.16,12.89,12.89,270.39,53862.46,9217.81,56719.53,82.89,14.74,66.56
EXE0153,2026-04-01,ACO153,Asia,Consumer,BUY,Urgent,TWAP,XTKS,HXAS,85.06,85.21,84.86,84.62,14516,13802,95.08,17.72,14.55,1.75,9.84,17.15,17.15,2013.47,-1381547.01,-524434.41,1288904.12,62.04,4.58,49.52
EXE0154,2026-04-02,USE154,US,Semis,SELL,Patient,Manual Hedge,XNAS,HXUS_TECH,46.09,46.05,46.04,46.07,15171,14543,95.86,15.46,49.69,0.93,6.16,8.65,8.65,579.79,441041.41,73567.8,323392.54,83.32,38.39,75.59
EXE0155,2026-04-03,EHE155,Europe,Healthcare,BUY,Urgent,Liquidity Seeking,XPAR,HXEU,56.18,56.26,55.95,56.17,15213,14776,97.13,14.69,13.11,0.3,5.82,14.07,14.07,1168.05,265539.56,62999.47,221276.33,76.27,13.71,58.04
EXE0156,2026-04-06,ACO156,Asia,Consumer,SELL,Patient,VWAP,XHKG,HXAS_HIGHBETA,170.28,170.19,170.57,170.11,6057,5835,96.34,4.0,46.21,0.76,9.63,5.28,5.28,524.6,981471.16,248426.51,852451.16,74.69,25.83,80.26
EXE0157,2026-04-07,USE157,US,Semis,BUY,Normal,TWAP,XNAS,HXUS,72.26,72.33,71.94,72.0,4892,4623,94.5,16.67,25.76,0.83,5.42,9.38,9.38,313.35,394750.13,81304.28,328420.32,79.4,33.98,68.72
EXE0158,2026-04-08,EHE158,Europe,Healthcare,SELL,Urgent,Manual Hedge,XAMS,HXEU_GROWTH,69.49,69.4,69.84,69.64,4112,4112,100.0,18.8,27.33,0.25,4.05,12.3,12.3,351.44,-88960.54,-15342.65,65269.97,82.75,10.89,70.03
EXE0159,2026-04-09,ACO159,Asia,Consumer,BUY,Patient,Liquidity Seeking,XTKS,HXAS,51.26,51.3,51.08,50.61,12859,12040,93.63,12.54,40.58,1.47,7.37,9.57,9.57,590.58,552673.42,110777.82,559171.11,79.96,33.78,71.19
EXE0160,2026-04-10,USE160,US,Semis,SELL,Normal,VWAP,XNAS,HXUS_TECH,69.84,69.75,69.42,69.36,9862,9551,96.85,14.64,13.26,1.55,13.05,12.35,12.35,823.75,-593286.35,-126674.12,585581.18,78.65,16.31,69.34
EXE0161,2026-04-13,EHE161,Europe,Healthcare,BUY,Urgent,TWAP,XPAR,HXEU,82.53,82.67,82.82,82.94,14203,13840,97.45,17.64,25.85,0.99,7.52,16.45,16.45,1879.02,-442380.79,-161598.74,376755.01,63.47,22.44,49.12
EXE0162,2026-04-14,ACO162,Asia,Consumer,SELL,Normal,Manual Hedge,XHKG,HXAS_HIGHBETA,54.05,53.99,54.0,54.08,17349,16842,97.08,10.78,21.87,1.18,3.0,11.56,11.56,1052.34,237244.49,36851.59,227684.59,84.47,25.59,65.31
EXE0163,2026-04-15,USE163,US,Semis,BUY,Urgent,Liquidity Seeking,XNAS,HXUS,76.77,76.89,76.93,76.91,11307,10828,95.76,4.0,15.92,0.94,15.62,15.31,15.31,1272.68,-136532.73,-36956.97,123730.35,72.93,15.85,53.31
EXE0164,2026-04-16,EHE164,Europe,Healthcare,SELL,Patient,VWAP,XAMS,HXEU_GROWTH,50.52,50.48,50.59,50.66,11193,10154,90.72,25.66,45.68,1.42,9.26,7.77,7.77,398.56,-265498.97,-53817.42,207015.62,79.73,30.85,67.73
EXE0165,2026-04-17,ACO165,Asia,Consumer,BUY,Normal,TWAP,XTKS,HXAS,64.22,64.29,63.71,64.44,4006,3763,93.94,10.43,33.34,0.25,7.06,11.08,11.08,267.76,-217644.53,-45791.54,179366.16,78.96,22.9,62.85
EXE0166,2026-04-20,USE166,US,Semis,SELL,Urgent,Manual Hedge,XNAS,HXUS_TECH,123.85,123.6,123.89,124.74,1620,1575,97.24,14.23,17.75,1.58,8.18,19.83,19.83,386.81,48502.46,14627.31,39743.93,69.84,12.01,44.27
EXE0167,2026-04-21,EHE167,Europe,Healthcare,BUY,Patient,Liquidity Seeking,XPAR,HXEU,159.01,159.24,160.3,160.25,3007,2836,94.32,13.21,48.68,1.65,11.67,14.87,14.87,670.55,-32054.05,-2016.38,24209.36,93.71,42.79,60.82
EXE0168,2026-04-22,ACO168,Asia,Consumer,SELL,Normal,VWAP,XHKG,HXAS_HIGHBETA,61.14,61.07,61.27,60.85,14302,14106,98.63,14.67,25.6,1.26,8.33,11.74,11.74,1012.57,-226350.82,-39291.4,205521.05,82.64,23.78,66.05
EXE0169,2026-04-23,USE169,US,Semis,BUY,Patient,TWAP,XNAS,HXUS,82.55,82.64,83.02,82.93,8469,7888,93.14,4.0,45.92,0.77,10.46,10.75,10.75,699.97,-7029.33,-1156.37,10000.0,83.55,40.32,66.19
EXE0170,2026-04-24,EHE170,Europe,Healthcare,SELL,Normal,Manual Hedge,XAMS,HXEU_GROWTH,71.01,70.92,71.91,71.2,10062,9822,97.62,17.16,9.9,0.88,7.31,12.74,12.74,888.61,235320.13,23035.32,241838.21,90.21,23.23,70.35
EXE0171,2026-04-27,ACO171,Asia,Consumer,BUY,Urgent,Liquidity Seeking,XTKS,HXAS,59.12,59.23,58.86,59.71,9370,9060,96.7,8.89,39.17,2.01,6.98,19.0,19.0,1017.66,241673.13,59238.36,177862.25,75.49,13.58,47.46
EXE0172,2026-04-28,USE172,US,Semis,SELL,Patient,VWAP,XNAS,HXUS_TECH,52.71,52.66,52.43,52.62,18867,18128,96.08,13.62,48.16,0.79,12.94,10.17,10.17,971.81,-80996.78,-24329.29,61860.6,69.96,30.9,69.79
EXE0173,2026-04-29,EHE173,Europe,Healthcare,BUY,Normal,TWAP,XPAR,HXEU,53.04,53.09,52.64,53.14,14027,13417,95.65,22.22,25.46,1.3,7.97,9.79,9.79,696.67,788239.94,67509.6,845859.71,91.44,18.33,73.64
EXE0174,2026-04-30,ACO174,Asia,Consumer,SELL,Urgent,Manual Hedge,XHKG,HXAS_HIGHBETA,117.52,117.33,117.89,117.28,5970,5970,100.0,9.51,5.74,1.05,6.15,15.43,15.43,1082.52,-372469.46,-67603.55,382418.6,81.85,16.74,59.1
EXE0175,2026-05-01,USE175,US,Semis,BUY,Patient,Liquidity Seeking,XNAS,HXUS,66.48,66.53,66.44,66.81,3149,2925,92.9,6.64,36.6,0.98,9.93,7.54,7.54,146.61,139573.81,20449.85,147359.47,85.35,34.87,77.97
EXE0176,2026-05-04,EHE176,Europe,Healthcare,SELL,Urgent,VWAP,XAMS,HXEU_GROWTH,72.13,72.04,72.36,71.92,13380,12938,96.7,10.73,17.96,0.71,8.56,12.69,12.69,1184.25,-346750.25,-80409.52,309344.7,76.81,13.12,62.62
EXE0177,2026-05-05,ACO177,Asia,Consumer,BUY,Patient,TWAP,XTKS,HXAS,58.87,58.93,59.1,59.17,12399,11608,93.62,11.16,53.69,1.51,6.82,10.06,10.06,687.44,312968.84,52966.84,238914.49,83.08,35.82,66.15
EXE0178,2026-05-06,USE178,US,Semis,SELL,Normal,Manual Hedge,XNAS,HXUS_TECH,89.41,89.36,88.74,89.89,4911,4842,98.6,18.82,14.39,0.37,12.1,5.05,5.05,218.62,253879.86,73181.32,225222.01,71.17,28.52,81.43
EXE0179,2026-05-07,EHE179,Europe,Healthcare,BUY,Urgent,Liquidity Seeking,XPAR,HXEU,85.64,85.81,85.38,85.46,1722,1716,99.67,13.39,26.38,1.47,7.9,19.54,19.54,287.17,22592.3,10402.78,20833.74,53.95,13.64,44.5
EXE0180,2026-05-08,ACO180,Asia,Consumer,SELL,Patient,VWAP,XHKG,HXAS_HIGHBETA,112.39,112.27,112.14,112.07,3495,3325,95.13,19.35,47.54,1.12,14.66,11.06,11.06,413.32,-134408.6,-45926.93,131995.39,65.83,32.12,66.83
EXE0181,2026-01-05,USE181,US,Semis,BUY,Normal,TWAP,XNAS,HXUS,81.03,81.12,80.95,81.7,5662,5274,93.15,18.71,16.25,1.55,5.7,11.43,11.43,488.48,139691.29,35455.53,144332.72,74.62,25.35,58.68
EXE0182,2026-01-06,EHE182,Europe,Healthcare,SELL,Urgent,Manual Hedge,XAMS,HXEU_GROWTH,90.24,90.1,89.82,90.94,3484,3388,97.25,20.12,10.42,0.61,12.43,14.65,14.65,447.88,129771.92,38255.87,93763.61,70.52,12.05,58.96
EXE0183,2026-01-07,ACO183,Asia,Consumer,BUY,Normal,Liquidity Seeking,XTKS,HXAS,83.44,83.58,83.13,83.76,8080,8054,99.68,13.58,15.24,1.98,13.02,17.02,17.02,1143.78,-292974.22,-64948.97,231843.51,77.83,20.62,56.27
EXE0184,2026-01-08,USE184,US,Semis,SELL,Urgent,VWAP,XNAS,HXUS_TECH,98.2,98.11,97.74,98.93,5209,5209,100.0,18.13,16.26,0.84,6.97,8.76,8.76,448.07,-158002.72,-51649.36,156699.47,67.31,5.99,74.28
EXE0185,2026-01-09,EHE185,Europe,Healthcare,BUY,Patient,TWAP,XPAR,HXEU,75.27,75.36,75.11,75.65,4395,4141,94.23,12.05,47.93,1.29,11.89,11.02,11.02,343.5,-137556.09,-27390.99,135512.56,80.09,34.89,65.93
EXE0186,2026-01-12,ACO186,Asia,Consumer,SELL,Normal,Manual Hedge,XHKG,HXAS_HIGHBETA,47.43,47.38,47.25,47.36,9108,9063,99.51,21.01,35.03,1.89,3.59,12.17,12.17,523.18,-124064.41,-50945.38,101579.93,58.94,18.8,57.87
EXE0187,2026-01-13,USE187,US,Semis,BUY,Urgent,Liquidity Seeking,XNAS,HXUS,63.19,63.3,63.17,62.9,15124,14856,98.23,10.41,24.96,1.47,16.64,17.1,17.1,1605.19,-594957.37,-161502.66,565307.58,72.85,11.75,52.61
EXE0188,2026-01-14,EHE188,Europe,Healthcare,SELL,Patient,VWAP,XAMS,HXEU_GROWTH,68.74,68.64,68.64,68.18,24495,23531,96.07,4.32,54.85,2.32,13.64,14.79,14.79,2392.38,-746681.11,-29867.24,638997.14,96.0,29.93,58.72
EXE0189,2026-01-15,ACO189,Asia,Consumer,BUY,Normal,TWAP,XTKS,HXAS,47.74,47.78,47.28,47.51,12964,12700,97.96,19.08,32.07,1.02,3.2,9.25,9.25,560.8,189432.93,16700.35,160171.52,91.18,19.85,74.49
EXE0190,2026-01-16,USE190,US,Semis,SELL,Patient,Manual Hedge,XNAS,HXUS_TECH,81.56,81.45,81.77,81.41,9407,9058,96.29,19.76,51.29,1.21,8.12,13.09,13.09,967.03,367222.45,14688.9,313156.75,96.0,33.92,64.05
EXE0191,2026-01-19,EHE191,Europe,Healthcare,BUY,Normal,Liquidity Seeking,XPAR,HXEU,68.41,68.52,68.27,68.59,13316,13316,100.0,17.55,23.37,1.76,10.44,15.5,15.5,1411.99,272046.13,20993.29,275100.33,92.28,23.5,59.17
EXE0192,2026-01-20,ACO192,Asia,Consumer,SELL,Urgent,VWAP,XHKG,HXAS_HIGHBETA,79.54,79.48,79.9,79.83,22784,22373,98.2,9.17,19.31,1.02,12.16,8.26,8.26,1469.98,490020.0,143978.2,402660.71,70.62,12.38,75.8
EXE0193,2026-01-21,USE193,US,Semis,BUY,Patient,TWAP,XNAS,HXUS,92.13,92.2,92.08,92.86,6501,6298,96.88,19.55,48.76,1.01,3.65,6.88,6.88,399.21,232482.46,29958.63,180016.38,87.11,33.9,79.36
EXE0194,2026-01-22,EHE194,Europe,Healthcare,SELL,Normal,Manual Hedge,XAMS,HXEU_GROWTH,51.99,51.93,52.05,51.84,10671,10506,98.45,10.72,25.94,1.54,8.74,11.97,11.97,653.84,-168513.06,-58589.24,128791.12,65.23,21.84,61.43
EXE0195,2026-01-23,ACO195,Asia,Consumer,BUY,Urgent,Liquidity Seeking,XTKS,HXAS,135.82,136.05,135.06,135.76,12016,11712,97.47,28.32,10.39,2.19,4.19,17.39,17.39,2766.23,-100559.82,-20694.95,106334.23,79.42,13.24,52.9
EXE0196,2026-01-26,USE196,US,Semis,SELL,Patient,VWAP,XNAS,HXUS_TECH,57.63,57.6,57.58,57.61,15846,14604,92.16,6.62,44.43,0.95,5.61,5.83,5.83,490.69,-204131.21,-27524.39,155398.25,86.52,38.62,75.3
EXE0197,2026-01-27,EHE197,Europe,Healthcare,BUY,Urgent,TWAP,XPAR,HXEU,86.51,86.67,86.26,87.18,4188,3951,94.34,26.61,18.06,1.38,9.2,18.09,18.09,618.32,252079.89,99182.94,208442.86,60.65,21.44,41.3
EXE0198,2026-01-28,ACO198,Asia,Consumer,SELL,Patient,Manual Hedge,XHKG,HXAS_HIGHBETA,69.81,69.74,69.61,70.53,6296,5878,93.37,4.0,40.61,0.73,10.33,10.28,10.28,421.86,-28071.57,-5283.42,26496.54,81.18,42.63,64.43
EXE0199,2026-01-29,USE199,US,Semis,BUY,Normal,Liquidity Seeking,XNAS,HXUS,46.83,46.89,47.04,46.8,39304,38894,98.96,11.82,45.3,1.43,12.93,13.74,13.74,2502.63,1193498.9,403410.41,1117137.2,66.2,22.25,62.57
EXE0200,2026-01-30,EHE200,Europe,Healthcare,SELL,Urgent,VWAP,XAMS,HXEU_GROWTH,68.44,68.33,68.79,68.21,8468,7688,90.78,15.55,12.7,1.76,8.01,15.3,15.3,805.01,488353.05,181414.41,516943.06,62.85,13.25,47.57
EXE0201,2026-02-02,ACO201,Asia,Consumer,BUY,Patient,TWAP,XTKS,HXAS,115.96,116.1,116.12,117.24,3869,3584,92.63,8.37,50.08,0.41,12.64,11.88,11.88,493.75,117203.69,42431.34,123003.62,63.8,37.09,53.45
EXE0202,2026-02-03,USE202,US,Semis,SELL,Normal,Manual Hedge,XNAS,HXUS_TECH,60.4,60.3,60.67,60.71,11688,11381,97.37,20.08,28.15,1.15,14.11,15.92,15.92,1094.28,202622.31,68634.28,157017.51,66.13,18.04,54.04
EXE0203,2026-02-04,EHE203,Europe,Healthcare,BUY,Urgent,Liquidity Seeking,XPAR,HXEU,59.97,60.11,59.75,60.62,8508,8319,97.78,13.56,15.6,2.23,9.52,23.74,23.74,1184.36,-351664.84,-143782.64,318199.14,59.11,11.53,34.01
EXE0204,2026-02-05,ACO204,Asia,Consumer,SELL,Normal,VWAP,XHKG,HXAS_HIGHBETA,82.84,82.78,82.88,83.01,24841,23917,96.28,21.38,35.27,1.61,6.0,7.94,7.94,1573.17,-427044.94,-129046.75,444530.06,69.78,23.6,77.27
EXE0205,2026-02-06,USE205,US,Semis,BUY,Urgent,TWAP,XNAS,HXUS,81.05,81.22,81.17,81.51,6774,6774,100.0,15.78,9.35,2.14,7.65,21.6,21.6,1185.85,297682.06,100540.79,290075.38,66.23,19.34,38.62
EXE0206,2026-02-09,EHE206,Europe,Healthcare,SELL,Patient,Manual Hedge,XAMS,HXEU_GROWTH,50.86,50.82,51.04,50.98,28652,27250,95.11,18.65,47.15,1.35,3.0,7.7,7.7,1067.08,706830.3,38661.2,677085.99,94.53,30.39,80.63
EXE0207,2026-02-10,ACO207,Asia,Consumer,BUY,Normal,Liquidity Seeking,XTKS,HXAS,50.46,50.52,50.95,50.55,9454,9454,100.0,8.63,13.09,1.29,10.9,12.81,12.81,611.06,319041.34,92456.31,331797.47,71.02,24.98,63.38
EXE0208,2026-02-11,USE208,US,Semis,SELL,Urgent,VWAP,XNAS,HXUS_TECH,59.99,59.89,60.73,59.88,18263,16897,92.52,24.92,4.0,1.13,18.12,16.65,16.65,1687.84,336659.62,66121.16,362177.73,80.36,9.61,47.4
EXE0209,2026-02-12,EHE209,Europe,Healthcare,BUY,Patient,TWAP,XPAR,HXEU,85.75,85.83,86.06,85.64,1703,1500,88.09,14.5,42.37,1.38,9.26,9.78,9.78,125.79,41622.58,7648.25,43771.55,81.62,32.25,63.4
EXE0210,2026-02-13,ACO210,Asia,Consumer,SELL,Normal,Manual Hedge,XHKG,HXAS_HIGHBETA,89.66,89.5,90.43,90.17,12168,11764,96.68,19.04,32.3,1.72,16.01,17.82,17.82,1879.63,-504921.79,-20196.87,398448.94,96.0,22.33,48.41
EXE0211,2026-02-16,USE211,US,Semis,BUY,Patient,Liquidity Seeking,XNAS,HXUS,46.0,46.05,46.13,46.33,6107,5511,90.24,13.92,28.58,0.83,9.57,11.26,11.26,285.44,-25999.44,-7505.35,20151.86,71.13,31.61,57.27
EXE0212,2026-02-17,EHE212,Europe,Healthcare,SELL,Normal,VWAP,XAMS,HXEU_GROWTH,79.05,78.96,78.95,79.31,3862,3631,94.01,7.58,13.2,1.02,6.59,12.07,12.07,346.46,-78011.28,-11460.13,84136.6,85.31,22.35,69.05
EXE0213,2026-02-18,ACO213,Asia,Consumer,BUY,Urgent,TWAP,XTKS,HXAS,119.58,119.81,120.31,119.44,4559,4468,98.0,17.61,14.13,1.9,5.3,19.23,19.23,1027.39,-181875.28,-46738.01,139956.76,74.3,10.56,46.92
EXE0214,2026-02-19,USE214,US,Semis,SELL,Patient,Manual Hedge,XNAS,HXUS_TECH,121.42,121.28,121.17,122.06,8568,8164,95.28,19.53,39.11,0.76,7.49,11.51,11.51,1140.98,-61836.21,-15218.2,47552.21,75.39,28.75,67.09
EXE0215,2026-02-20,EHE215,Europe,Healthcare,BUY,Normal,Liquidity Seeking,XPAR,HXEU,78.27,78.35,78.25,77.8,5650,5631,99.66,13.07,23.93,0.57,11.15,10.25,10.25,451.76,301061.58,24890.75,258268.51,91.73,22.12,73.45
EXE0216,2026-02-23,ACO216,Asia,Consumer,SELL,Urgent,VWAP,XHKG,HXAS_HIGHBETA,84.38,84.25,84.33,84.86,5219,5136,98.41,21.81,24.02,1.07,9.33,14.57,14.57,631.4,217709.47,56479.52,206690.78,74.06,5.89,58.14
EXE0217,2026-02-24,USE217,US,Semis,BUY,Patient,TWAP,XNAS,HXUS,105.73,105.81,106.72,106.56,4021,3808,94.71,14.58,40.61,0.25,9.86,7.22,7.22,290.7,212530.92,69846.45,153431.42,67.14,33.41,71.49
EXE0218,2026-02-25,EHE218,Europe,Healthcare,SELL,Urgent,Manual Hedge,XAMS,HXEU_GROWTH,101.91,101.72,102.05,103.08,4342,4342,100.0,23.07,6.48,1.22,6.28,18.54,18.54,820.36,-62671.84,-13526.42,47210.48,78.42,8.18,51.79
EXE0219,2026-02-26,ACO219,Asia,Consumer,BUY,Patient,Liquidity Seeking,XTKS,HXAS,83.58,83.69,82.9,84.47,3789,3416,90.16,13.7,53.29,1.62,3.8,12.98,12.98,370.6,-186828.07,-12142.49,186676.39,93.5,32.04,55.08
EXE0220,2026-02-27,USE220,US,Semis,SELL,Normal,VWAP,XNAS,HXUS_TECH,80.99,80.94,81.24,81.57,4393,4199,95.58,4.34,31.01,0.39,11.38,5.87,5.87,199.62,114708.47,18578.68,104111.55,83.8,21.89,77.81
EXE0221,2026-03-02,EHE221,Europe,Healthcare,BUY,Urgent,TWAP,XPAR,HXEU,57.09,57.17,56.91,57.19,10557,10201,96.63,20.59,11.04,0.62,7.53,13.9,13.9,809.47,132060.57,18109.95,105240.72,86.29,7.56,61.19
EXE0222,2026-03-03,ACO222,Asia,Consumer,SELL,Patient,Manual Hedge,XHKG,HXAS_HIGHBETA,111.99,111.87,112.54,112.18,2808,2744,97.73,17.17,44.98,1.59,10.34,9.99,9.99,306.98,91569.05,13308.93,82909.92,85.47,37.1,72.47
EXE0223,2026-03-04,USE223,US,Semis,BUY,Normal,Liquidity Seeking,XNAS,HXUS,62.28,62.39,62.29,62.07,21741,20529,94.42,22.59,26.46,2.42,9.57,17.45,17.45,2231.24,649105.5,162700.09,536980.47,74.93,21.08,47.96
EXE0224,2026-03-05,EHE224,Europe,Healthcare,SELL,Urgent,VWAP,XAMS,HXEU_GROWTH,116.01,115.73,116.73,116.88,5405,5384,99.62,10.64,10.36,1.61,10.32,23.62,23.62,1475.24,-233108.14,-52126.19,233046.56,77.64,5.89,38.38
EXE0225,2026-03-06,ACO225,Asia,Consumer,BUY,Normal,TWAP,XTKS,HXAS,175.97,176.2,173.96,175.25,3177,3177,100.0,10.24,32.55,1.67,5.8,12.91,12.91,721.74,-258946.35,-99230.63,191342.5,61.68,18.44,59.97
EXE0226,2026-03-09,USE226,US,Semis,SELL,Urgent,Manual Hedge,XNAS,HXUS_TECH,108.92,108.76,108.71,109.9,9433,8934,94.71,7.21,29.01,0.62,7.11,15.15,15.15,1474.26,75604.08,17066.74,68377.45,77.43,18.12,54.18
EXE0227,2026-03-10,EHE227,Europe,Healthcare,BUY,Patient,Liquidity Seeking,XPAR,HXEU,40.08,40.13,40.16,39.9,10304,9483,92.03,10.58,34.32,1.19,8.77,12.3,12.3,467.55,-250596.05,-68688.5,259743.14,72.59,42.12,57.5
EXE0228,2026-03-11,ACO228,Asia,Consumer,SELL,Normal,VWAP,XHKG,HXAS_HIGHBETA,100.41,100.35,100.4,99.38,6703,6639,99.05,11.09,21.87,0.25,11.94,5.82,5.82,387.97,130529.07,25298.91,127618.82,80.62,26.05,82.22
EXE0229,2026-03-12,USE229,US,Semis,BUY,Urgent,TWAP,XNAS,HXUS,48.81,48.9,48.85,48.73,6979,6692,95.89,14.31,12.19,0.73,8.89,17.97,17.97,586.96,206936.6,36932.21,153586.96,82.15,7.5,47.62
EXE0230,2026-03-13,EHE230,Europe,Healthcare,SELL,Patient,Manual Hedge,XAMS,HXEU_GROWTH,38.99,38.94,39.05,39.06,21148,20614,97.47,14.23,29.44,2.37,10.94,13.93,13.93,1119.74,14210.72,1845.23,13085.7,87.02,37.28,61.87
EXE0231,2026-03-16,ACO231,Asia,Consumer,BUY,Normal,Liquidity Seeking,XTKS,HXAS,109.26,109.42,109.06,108.95,9600,9570,99.69,19.28,29.94,1.54,10.74,14.68,14.68,1534.91,468423.3,117288.16,412340.99,74.96,26.36,58.77
EXE0232,2026-03-17,USE232,US,Semis,SELL,Patient,VWAP,XNAS,HXUS_TECH,81.99,81.9,82.47,82.64,3623,3294,90.93,7.69,46.58,1.19,11.45,10.35,10.35,279.52,142564.0,7884.57,111162.18,94.47,34.93,62.68
EXE0233,2026-03-18,EHE233,Europe,Healthcare,BUY,Normal,TWAP,XPAR,HXEU,95.52,95.66,96.06,95.44,11716,10794,92.13,16.42,31.49,1.48,4.2,14.81,14.81,1527.02,1019001.9,147476.97,765845.02,85.53,13.81,53.02
EXE0234,2026-03-19,ACO234,Asia,Consumer,SELL,Urgent,Manual Hedge,XHKG,HXAS_HIGHBETA,72.02,71.89,71.75,72.08,6591,6412,97.29,12.45,17.21,1.59,7.82,18.01,18.01,831.64,-32302.5,-10750.42,29431.93,66.72,25.27,49.57
EXE0235,2026-03-20,USE235,US,Semis,BUY,Patient,Liquidity Seeking,XNAS,HXUS,135.96,136.05,136.44,136.14,3196,2972,92.98,12.81,37.55,1.51,3.0,6.46,6.46,261.04,245130.0,73068.37,221129.4,70.19,30.79,72.47
EXE0236,2026-03-23,EHE236,Europe,Healthcare,SELL,Normal,VWAP,XAMS,HXEU_GROWTH,111.64,111.46,111.76,111.77,3898,3898,100.0,10.62,33.76,2.19,9.81,15.44,15.44,671.89,101647.7,15055.63,81927.52,85.19,15.26,60.28
EXE0237,2026-03-24,ACO237,Asia,Consumer,BUY,Urgent,TWAP,XTKS,HXAS,89.92,90.06,89.83,89.32,16064,15661,97.49,15.37,27.51,1.4,11.06,15.69,15.69,2209.41,358772.73,132029.75,357547.81,63.2,8.48,52.82
EXE0238,2026-03-25,USE238,US,Semis,SELL,Patient,Manual Hedge,XNAS,HXUS_TECH,89.46,89.32,89.93,89.49,6765,6285,92.91,16.27,48.93,2.01,13.88,16.26,16.26,914.27,303047.26,62603.08,284963.39,79.34,35.41,52.67
EXE0239,2026-03-26,EHE239,Europe,Healthcare,BUY,Urgent,Liquidity Seeking,XPAR,HXEU,47.05,47.14,47.14,46.66,8173,8072,98.76,7.48,10.29,1.56,12.5,18.87,18.87,716.63,263022.12,115090.75,237580.59,56.24,16.16,41.51
EXE0240,2026-03-27,ACO240,Asia,Consumer,SELL,Patient,VWAP,XHKG,HXAS_HIGHBETA,83.31,83.29,83.09,82.71,7112,6666,93.73,20.48,40.78,0.79,5.94,2.62,2.62,145.5,209719.43,8388.78,182621.78,96.0,30.73,92.13
EXE0241,2026-03-30,USE241,US,Semis,BUY,Normal,TWAP,XNAS,HXUS,87.4,87.51,87.46,88.24,5839,5504,94.26,14.26,21.45,1.31,15.86,12.84,12.84,617.68,448559.28,39061.06,398582.67,91.29,29.01,58.29
EXE0242,2026-03-31,EHE242,Europe,Healthcare,SELL,Urgent,Manual Hedge,XAMS,HXEU_GROWTH,92.06,91.89,92.19,92.65,15444,15048,97.44,15.81,8.29,1.43,6.12,19.25,19.25,2666.86,-895481.65,-344814.11,753434.71,61.49,3.0,46.07
EXE0243,2026-04-01,ACO243,Asia,Consumer,BUY,Patient,Liquidity Seeking,XTKS,HXAS,66.19,66.28,66.44,66.92,33093,30949,93.52,23.67,48.04,2.28,11.65,14.23,14.23,2914.82,1629024.21,65160.97,1327662.31,96.0,27.81,56.75
EXE0244,2026-04-02,USE244,US,Semis,SELL,Normal,VWAP,XNAS,HXUS_TECH,90.32,90.19,91.05,91.2,6713,6434,95.85,13.77,21.15,1.75,5.33,14.51,14.51,843.25,-278972.59,-63269.41,273499.57,77.32,14.35,57.97
EXE0245,2026-04-03,EHE245,Europe,Healthcare,BUY,Urgent,TWAP,XPAR,HXEU,70.65,70.78,71.18,70.64,18333,18160,99.06,20.16,22.34,1.74,6.01,19.42,19.42,2491.49,-339400.01,-115142.37,245021.43,66.07,12.52,46.48
EXE0246,2026-04-06,ACO246,Asia,Consumer,SELL,Normal,Manual Hedge,XHKG,HXAS_HIGHBETA,99.58,99.39,99.24,99.49,8338,8014,96.11,17.06,18.76,1.97,13.07,18.82,18.82,1501.9,-137080.47,-25238.23,112084.3,81.59,22.3,47.15
EXE0247,2026-04-07,USE247,US,Semis,BUY,Urgent,Liquidity Seeking,XNAS,HXUS,58.23,58.34,58.28,58.36,10105,9837,97.35,16.62,9.07,1.2,12.45,18.89,18.89,1082.01,-305992.96,-97916.04,271237.96,68.0,19.23,50.25
EXE0248,2026-04-08,EHE248,Europe,Healthcare,SELL,Patient,VWAP,XAMS,HXEU_GROWTH,90.65,90.57,90.22,90.37,10251,9429,91.98,16.1,40.94,0.66,6.19,8.87,8.87,758.12,-39704.83,-7956.53,36244.87,79.96,36.06,64.78
EXE0249,2026-04-09,ACO249,Asia,Consumer,BUY,Normal,TWAP,XTKS,HXAS,99.73,99.88,99.02,100.6,4038,3951,97.84,12.54,20.51,2.08,11.25,15.79,15.79,622.15,6189.7,1951.71,10000.0,68.47,22.03,54.23
EXE0250,2026-04-10,USE250,US,Semis,SELL,Urgent,Manual Hedge,XNAS,HXUS_TECH,118.25,118.08,117.38,117.89,8077,7991,98.94,13.98,25.17,1.24,12.51,14.56,14.56,1375.84,-124392.34,-57942.04,91083.8,53.42,11.32,55.38
EXE0251,2026-04-13,EHE251,Europe,Healthcare,BUY,Patient,Liquidity Seeking,XPAR,HXEU,90.34,90.44,90.24,91.43,4859,4677,96.26,12.38,32.95,1.32,10.89,10.55,10.55,445.77,272771.16,28154.11,231223.26,89.68,30.32,68.21
EXE0252,2026-04-14,ACO252,Asia,Consumer,SELL,Normal,VWAP,XHKG,HXAS_HIGHBETA,113.89,113.7,114.17,114.27,3707,3553,95.83,11.93,24.27,1.54,11.11,16.46,16.46,666.05,-407448.46,-84370.1,404936.25,79.29,18.12,57.44
EXE0253,2026-04-15,USE253,US,Semis,BUY,Patient,TWAP,XNAS,HXUS,81.25,81.28,81.63,81.83,13955,12735,91.26,17.54,42.16,1.19,7.99,4.3,4.3,444.92,457818.87,36252.31,419648.92,92.08,38.04,81.0
EXE0254,2026-04-16,EHE254,Europe,Healthcare,SELL,Normal,Manual Hedge,XAMS,HXEU_GROWTH,83.05,82.94,83.02,82.77,8082,7941,98.25,16.16,32.31,2.02,5.72,13.77,13.77,908.16,-267677.23,-81149.34,199748.69,69.68,22.3,60.01
EXE0255,2026-04-17,ACO255,Asia,Consumer,BUY,Urgent,Liquidity Seeking,XTKS,HXAS,40.89,40.96,40.76,40.95,25786,25464,98.75,19.55,5.65,1.01,9.45,16.14,16.14,1680.7,1090517.04,240627.03,1102583.76,77.93,7.02,57.78
EXE0256,2026-04-20,USE256,US,Semis,SELL,Patient,VWAP,XNAS,HXUS_TECH,63.1,63.02,63.56,63.29,6632,6163,92.93,9.74,38.29,1.16,8.35,12.54,12.54,487.65,-151058.75,-45441.25,131503.48,69.92,36.71,61.49
EXE0257,2026-04-21,EHE257,Europe,Healthcare,BUY,Normal,TWAP,XPAR,HXEU,59.04,59.09,59.51,59.44,12246,12114,98.92,20.33,14.12,1.03,12.17,7.18,7.18,513.56,-566703.91,-135075.98,565697.81,76.16,31.04,79.02
EXE0258,2026-04-22,ACO258,Asia,Consumer,SELL,Urgent,Manual Hedge,XHKG,HXAS_HIGHBETA,68.56,68.44,68.52,68.58,23030,22275,96.72,19.36,9.13,1.57,10.84,17.28,17.28,2639.03,765429.86,268433.19,631084.03,64.93,19.38,51.21
EXE0259,2026-04-23,USE259,US,Semis,BUY,Patient,Liquidity Seeking,XNAS,HXUS,50.72,50.78,50.5,51.18,4931,4401,89.26,7.16,44.0,2.1,11.54,13.53,13.53,301.99,-74421.8,-13342.43,72127.41,82.07,37.97,54.84
EXE0260,2026-04-24,EHE260,Europe,Healthcare,SELL,Urgent,VWAP,XAMS,HXEU_GROWTH,99.74,99.63,99.88,99.2,2326,2121,91.2,20.99,4.0,0.79,7.74,11.44,11.44,242.01,116294.45,24578.76,101494.38,78.87,14.72,60.51
